City_ID,City,Lat,Lng,Max Temp,Humidity,Cloudiness,Wind Speed,Country,Date
0,vilyuchinsk,52.9306,158.4028,-1.849999999999966,77,2,3.07,RU,1745167531
1,sinabang,2.4803,96.3801,26.900000000000034,81,99,3.24,ID,1745167533
2,crane,31.3974,-102.3501,15.850000000000023,35,0,6.68,US,1745167534
3,port-aux-francais,-49.35,70.2167,6.480000000000018,92,95,11.44,TF,1745167535
4,port elizabeth,-33.918,25.5701,19.060000000000002,97,20,7.72,ZA,1745167536
5,vorgashor,67.5833,63.95,-11.349999999999966,94,100,5.3,RU,1745167537
6,blackmans bay,-43.0167,147.3167,14.07000000000005,95,12,0.45,AU,1745167538
7,isafjordur,66.0755,-23.124,1.6000000000000227,69,37,2.82,IS,1745167539
8,buka,40.8108,69.1986,14.600000000000023,41,8,1.74,UZ,1745167540
9,wailua homesteads,22.0669,-159.378,22.439999999999998,96,40,6.17,US,1745167541
10,dakhla,23.6848,-15.958,22.010000000000048,53,51,14.92,EH,1745167543
11,nagqu,31.5,92.0,3.3700000000000045,27,81,2.45,CN,1745167544
12,ancud,-41.8697,-73.8203,10.82000000000005,90,100,8.18,CL,1745167358
13,hermanus,-34.4187,19.2345,17.110000000000014,82,100,6.79,ZA,1745167546
14,atafu village,-8.5421,-172.5159,28.77000000000004,77,91,4.19,TK,1745167547
15,qaqortoq,60.7167,-46.0333,5.2900000000000205,60,86,2.91,GL,1745167548
16,tiksi,71.6872,128.8694,-7.8799999999999955,99,97,1.06,RU,1745167549
17,margaret river,-33.95,115.0667,12.800000000000011,63,0,4.16,AU,1745167550
18,papao,-17.75,-149.55,24.82000000000005,79,100,7.38,PF,1745167552
19,tazovsky,67.4667,78.7,-4.96999999999997,93,100,6.94,RU,1745167553
20,edinburgh of the seven seas,-37.0676,-12.3116,18.32000000000005,93,99,5.92,SH,1745167554
21,east london,-33.0153,27.9116,18.52000000000004,94,40,0.51,ZA,1745167515
22,touros,-5.1989,-35.4608,30.100000000000023,66,37,5.0,BR,1745167378
23,guerrero negro,27.9769,-114.0611,21.83000000000004,34,0,0.68,MX,1745167557
24,las praderas,-3.3348,-79.7984,29.82000000000005,70,91,2.38,EC,1745167558
25,papatowai,-46.5619,169.4708,10.800000000000011,91,90,1.98,NZ,1745167559
26,yellowknife,62.456,-114.3525,-9.70999999999998,57,20,3.09,CA,1745167561
27,uturoa,-16.7333,-151.4333,26.680000000000007,80,100,5.03,PF,1745167562
28,iqaluit,63.7506,-68.5145,-2.1499999999999773,74,20,0.0,CA,1745167563
29,mandalgovi,45.7625,106.2708,3.7800000000000296,25,100,8.26,MN,1745167564
30,kapa'a,22.0752,-159.319,23.180000000000007,96,40,6.17,US,1745167565
31,novo aripuana,-5.1206,-60.3797,36.120000000000005,41,21,1.08,BR,1745167566
32,talnakh,69.4865,88.3972,-14.96999999999997,89,56,3.05,RU,1745167567
33,pekanbaru,0.5333,101.45,27.180000000000007,83,92,2.06,ID,1745167568
34,utrik,11.2278,169.8474,27.32000000000005,71,94,6.48,MH,1745167569
35,nova sintra,14.8667,-24.7167,21.82000000000005,85,88,11.02,CV,1745167571
36,sitka,57.0531,-135.33,4.939999999999998,75,100,0.0,US,1745167572
37,bredasdorp,-34.5322,20.0403,17.110000000000014,77,99,5.16,ZA,1745167573
38,bethel,41.3712,-73.414,16.680000000000007,36,0,6.69,US,1745167574
39,ushuaia,-54.8,-68.3,11.810000000000002,50,0,3.6,AR,1745167470
40,cavelossim,15.1726,73.9419,29.99000000000001,75,39,2.64,IN,1745167576
41,bandon,51.7469,-8.7425,10.770000000000039,85,100,4.71,IE,1745167578
42,invercargill,-46.4,168.35,10.57000000000005,91,95,1.34,NZ,1745167579
43,lesnoy,57.6198,63.0784,4.400000000000034,76,89,2.62,RU,1745167580
44,adamstown,-25.066,-130.1015,23.379999999999995,83,48,7.07,PN,1745167581
45,visby,57.6409,18.296,7.1200000000000045,100,100,2.06,SE,1745167582
46,klyuchi,52.2667,79.1667,16.060000000000002,56,99,11.37,RU,1745167583
47,vila franca do campo,37.7167,-25.4333,18.27000000000004,99,97,4.97,PT,1745167586
48,mutsu,41.2894,141.2169,6.78000000000003,82,41,5.52,JP,1745167587
49,arkhangel'sk,64.5401,40.5433,4.060000000000002,45,20,2.0,RU,1745167588
50,saint-philippe,-21.3585,55.7679,26.310000000000002,83,53,3.46,RE,1745167589
51,cassilandia,-19.1133,-51.7342,30.120000000000005,59,24,0.7,BR,1745167590
52,constantia,44.1833,28.65,20.379999999999995,64,27,5.62,RO,1745167591
53,remire-montjoly,4.9167,-52.2667,29.02000000000004,79,75,8.75,GF,1745167559
54,churapcha,62.0025,132.4325,-0.8299999999999841,92,97,3.76,RU,1745167593
55,alaghsas,17.0187,8.0168,39.94,4,0,5.66,NE,1745167595
56,murun-kuren,49.6342,100.1625,-5.5,33,1,3.42,MN,1745167597
57,dryden,49.7833,-92.7503,9.160000000000025,40,0,5.14,CA,1745167598
58,ribeira grande,38.5167,-28.7,18.220000000000027,77,75,5.14,PT,1745167599
59,i-n-salah,27.1935,2.4607,33.900000000000034,10,100,11.28,DZ,1745167600
60,waitangi,-43.9535,-176.5597,17.680000000000007,95,100,4.02,NZ,1745167602
61,avarua,-21.2078,-159.775,25.03000000000003,83,75,7.72,CK,1745167603
62,abatskoye,56.2875,70.4555,6.75,83,100,3.34,RU,1745167604
63,cabo san lucas,22.8909,-109.9124,25.980000000000018,49,11,1.79,MX,1745167605
64,melfi,40.9965,15.6514,17.07000000000005,64,2,1.3,IT,1745167606
65,acajutla,13.5928,-89.8275,33.5,60,3,4.7,SV,1745167607
66,lihue,21.9789,-159.3672,22.77000000000004,83,40,6.17,US,1745167608
67,albany,42.6001,-73.9662,12.580000000000041,47,42,1.79,US,1745167590
68,masterton,-40.9597,175.6575,14.430000000000007,98,98,4.01,NZ,1745167611
69,port saint john's,-31.6229,29.5448,20.910000000000025,83,96,5.53,ZA,1745167612
70,grytviken,-54.2811,-36.5092,1.9600000000000364,76,48,1.49,GS,1745167613
71,puerto ayora,-0.7393,-90.3518,26.970000000000027,95,63,1.79,EC,1745167614
72,ust-nera,64.5667,143.2,-6.849999999999966,90,100,1.2,RU,1745167615
73,hawaiian paradise park,19.5933,-154.9731,20.5,87,75,1.54,US,1745167616
74,ilulissat,69.2167,-51.1,-2.9899999999999523,93,40,2.06,GL,1745167618
75,ulladulla,-35.35,150.4667,16.140000000000043,88,83,4.06,AU,1745167619
76,figuig (centre),32.1089,-1.2286,19.350000000000023,18,7,11.1,MA,1745167620
77,siwa oasis,29.2041,25.5195,30.470000000000027,16,79,4.49,EG,1745167621
78,thompson,55.7435,-97.8558,7.090000000000032,61,40,1.54,CA,1745167622
79,west island,-12.1568,96.8225,26.99000000000001,94,75,3.6,CC,1745167623
80,hithadhoo,-0.6,73.0833,29.02000000000004,74,14,4.65,MV,1745167624
81,porto novo,6.4965,2.6036,30.900000000000034,72,94,5.34,BJ,1745167626
82,fale old settlement,-9.3852,-171.2468,28.810000000000002,77,83,4.54,TK,1745167627
83,rongelap,11.1635,166.8941,26.78000000000003,69,60,6.39,MH,1745167628
84,lebu,-37.6167,-73.65,15.330000000000041,62,77,3.04,CL,1745167629
85,georgetown,5.4112,100.3354,28.970000000000027,79,20,4.12,MY,1745167294
86,coquimbo,-29.9533,-71.3436,19.430000000000007,64,40,3.09,CL,1745167345
87,auki,-8.7676,160.7034,25.49000000000001,89,100,1.18,SB,1745167632
88,nouadhibou,20.931,-17.0347,28.99000000000001,28,90,6.17,MR,1745167633
89,puerto natales,-51.7236,-72.4875,7.25,87,100,2.06,CL,1745167635
90,vilyuysk,63.7553,121.6247,0.29000000000002046,99,100,2.18,RU,1745167636
91,nuuk,64.1835,-51.7216,3.340000000000032,65,40,3.6,GL,1745167637
92,bilibino,68.0546,166.4372,-16.049999999999955,100,99,0.62,RU,1745167638
93,concepcion del oro,24.6333,-101.4167,18.54000000000002,18,0,3.31,MX,1745167639
94,turkmenbasy,40.0222,52.9552,16.430000000000007,41,0,3.09,TM,1745167640
95,tambura,5.6,27.4667,27.950000000000045,44,58,2.09,SS,1745167641
96,tindouf,27.6711,-8.1474,32.25,11,0,5.66,DZ,1745167642
97,cidreira,-30.1811,-50.2056,20.970000000000027,50,19,5.37,BR,1745167643
98,boyolangu,-8.1181,111.8935,26.27000000000004,94,92,0.74,ID,1745167645
99,acarau,-2.8856,-40.12,28.75,70,98,4.32,BR,1745167646
100,port mathurin,-19.6833,63.4167,27.110000000000014,81,26,10.36,MU,1745167647
101,noumea,-22.2763,166.4572,21.850000000000023,74,29,2.12,NC,1745167502
102,loango,-4.6719,11.8312,28.810000000000002,79,20,5.14,CG,1745167649
103,tocopilla,-22.092,-70.1979,20.850000000000023,80,82,3.5,CL,1745167650
104,springbok,-29.6643,17.8865,20.340000000000032,43,1,2.96,ZA,1745167651
105,nemuro,43.3236,145.575,3.4500000000000455,92,100,5.21,JP,1745167652
106,carbonear,47.7332,-53.2148,7.300000000000011,95,100,3.12,CA,1745167654
107,dudinka,69.4058,86.1778,-12.5,85,41,4.12,RU,1745167655
108,san buenaventura,27.0833,-101.5333,22.49000000000001,25,46,4.59,MX,1745167656
109,kharabali,47.4196,47.2568,16.05000000000001,30,0,3.88,RU,1745167657
110,yazoo city,32.8551,-90.4056,26.27000000000004,66,87,7.06,US,1745167658
111,amos,48.5669,-78.1162,0.9700000000000273,71,49,3.42,CA,1745167567
112,kodiak,57.79,-152.4072,3.730000000000018,93,100,0.0,US,1745167660
113,torghay,49.6339,63.4981,18.390000000000043,46,42,5.18,KZ,1745167662
114,sinazongwe,-17.2614,27.4618,22.180000000000007,80,63,2.35,ZM,1745167663
115,shahpur,16.7,76.8333,32.960000000000036,34,33,5.82,IN,1745167664
116,doka,13.5167,35.7667,36.960000000000036,13,38,3.45,SD,1745167665
117,enewetak,11.3474,162.3373,27.390000000000043,76,100,6.18,MH,1745167666
118,euclides da cunha,-10.5075,-39.0158,33.85000000000002,26,27,3.7,BR,1745167667
119,ambalangoda,6.2355,80.0538,27.610000000000014,80,85,2.56,LK,1745167668
120,zhu cheng city,35.995,119.4026,9.5,81,0,2.7,CN,1745167669
121,patterson,37.4716,-121.1297,16.730000000000018,64,0,1.45,US,1745167658
122,dalby,-27.1833,151.2667,18.08000000000004,74,21,4.88,AU,1745167672
123,buta,2.7858,24.73,26.600000000000023,57,54,1.08,CD,1745167673
124,stanley,54.868,-1.6985,10.010000000000048,66,0,3.6,GB,1745167674
125,fuyuan,46.4333,127.0833,11.020000000000039,49,100,5.42,CN,1745167675
126,kas,36.2018,29.6377,18.720000000000027,78,2,1.37,TR,1745167676
127,general pico,-35.6566,-63.7568,18.390000000000043,47,84,6.14,AR,1745167561
128,durban,-29.8579,31.0292,20.510000000000048,80,68,1.18,ZA,1745167678
129,ngereklmadel,7.4883,134.4856,25.05000000000001,94,100,1.54,PW,1745167680
130,mount isa,-20.7333,139.5,23.870000000000005,57,43,5.14,AU,1745167681
131,turek,52.0155,18.5005,20.600000000000023,52,2,2.76,PL,1745167682
132,isangel,-19.55,169.2667,23.110000000000014,69,94,3.66,VU,1745167683
133,al mindak,20.1588,41.2834,20.370000000000005,47,1,0.56,SA,1745167684
134,aktau,43.65,51.2,14.32000000000005,36,0,4.48,KZ,1745167685
135,zhezqazghan,47.7833,67.7667,13.32000000000005,62,0,5.0,KZ,1745167686
136,vetluzhskiy,58.3902,45.4654,8.020000000000039,90,100,2.35,RU,1745167687
137,arraial do cabo,-22.9661,-42.0278,26.980000000000018,74,20,6.69,BR,1745167689
138,filingue,14.3521,3.3168,39.920000000000016,4,43,3.28,NE,1745167690
139,kushiro,42.975,144.3747,6.53000000000003,100,100,1.54,JP,1745167691
140,queenstown,-31.8976,26.8753,14.350000000000023,80,100,2.44,ZA,1745167692
141,alotau,-10.3069,150.4462,24.140000000000043,93,100,1.14,PG,1745167693
142,tura,25.5198,90.2201,23.939999999999998,70,1,2.11,IN,1745167694
143,ivdel',60.6911,60.4206,-1.4899999999999523,67,3,3.98,RU,1745167695
144,whitehorse,60.7161,-135.0538,1.170000000000016,71,40,0.0,CA,1745167696
145,ca mau,9.1769,105.15,26.82000000000005,79,32,1.12,VN,1745167698
146,pacific grove,36.6177,-121.9166,14.120000000000005,87,40,1.54,US,1745167699
147,mount gambier,-37.8333,140.7667,14.180000000000007,90,83,7.55,AU,1745167700
148,petropavlovsk-kamchatsky,53.0452,158.6483,-2.669999999999959,54,0,3.0,RU,1745167701
149,iskateley,67.6803,53.1512,-10.039999999999964,91,52,3.5,RU,1745167702
150,kiruhura,-2.4773,29.7679,16.53000000000003,94,96,0.67,RW,1745167703
151,mumford,5.2618,-0.759,28.810000000000002,75,49,6.25,GH,1745167654
152,college,64.8569,-147.8028,-0.4399999999999977,79,40,1.54,US,1745167705
153,barra de santo antonio,-9.4047,-35.5072,28.77000000000004,64,39,4.81,BR,1745167706
154,weno,7.4515,151.8468,26.970000000000027,83,100,1.54,FM,1745167708
155,jamestown,42.097,-79.2353,12.230000000000018,53,89,1.34,US,1745167709
156,sovetskiy,61.3614,63.5842,-3.3100000000000023,79,44,5.35,RU,1745167710
157,barah,13.7,30.3667,31.610000000000014,6,88,5.25,SD,1745167711
158,abepura,-2.6333,140.5833,24.450000000000045,100,20,1.03,ID,1745167712
159,wenchang,30.904,118.4887,20.110000000000014,72,100,2.15,CN,1745167713
160,frederico westphalen,-27.3592,-53.3944,26.29000000000002,38,18,1.85,BR,1745167714
161,huarmey,-10.0681,-78.1522,22.680000000000007,75,33,3.72,PE,1745167718
162,novyy urgal,51.0736,132.5642,2.0100000000000477,90,81,0.87,RU,1745167719
163,punta arenas,-53.15,-70.9167,8.060000000000002,81,75,3.6,CL,1745167720
164,kalmunai,7.4167,81.8167,28.04000000000002,79,71,2.04,LK,1745167721
165,ambovombe,-25.1667,46.0833,23.200000000000045,79,100,2.56,MG,1745167722
166,grand-bourg,15.8835,-61.3148,26.060000000000002,76,48,3.57,GP,1745167723
167,anadyr,64.75,177.4833,-1.7199999999999704,92,100,2.0,RU,1745167725
168,saguenay,48.4168,-71.0657,1.4600000000000364,63,75,12.35,CA,1745167327
169,hirara,24.8,125.2833,22.920000000000016,100,84,1.03,JP,1745167727
170,okhotsk,59.3833,143.3,-2.9699999999999704,98,100,3.16,RU,1745167728
171,sola,-13.8833,167.55,26.350000000000023,84,100,6.05,VU,1745167729
172,torbat-e heydariyeh,35.274,59.2195,11.330000000000041,38,0,4.58,IR,1745167730
173,severo-yeniseyskiy,60.3725,93.0408,-5.949999999999989,88,100,5.14,RU,1745167731
174,gorontalo,0.5412,123.0595,23.840000000000032,98,52,1.38,ID,1745167732
175,aschheim,48.1711,11.7168,15.600000000000023,63,88,8.24,DE,1745167733
176,swakopmund,-22.6833,14.5333,16.840000000000032,82,83,3.99,NA,1745167735
177,labytnangi,66.6572,66.4183,-8.870000000000005,84,100,3.18,RU,1745167736
178,ugoofaaru,5.6667,73.0,29.100000000000023,74,67,3.98,MV,1745167737
179,ghanzi,-21.5667,21.7833,23.03000000000003,43,10,3.23,BW,1745167738
180,belyy yar,53.6039,91.3903,1.9399999999999977,75,0,9.0,RU,1745167739
181,punta del este,-34.9667,-54.95,18.060000000000002,76,75,6.69,UY,1745167741
182,el golaa,33.4849,9.0068,29.620000000000005,21,100,5.44,TN,1745167742
183,thunder bay,48.4001,-89.3168,4.990000000000009,75,75,4.63,CA,1745167630
184,tarnogskiy gorodok,60.4997,43.5761,4.990000000000009,95,100,2.32,RU,1745167745
185,bunia,1.5667,30.25,18.08000000000004,92,49,2.28,CD,1745167746
186,acapulco de juarez,16.8634,-99.8901,29.900000000000034,70,40,0.0,MX,1745167747
187,chuhar jamali,24.3895,67.9923,29.160000000000025,38,0,5.44,PK,1745167748
188,keflavik,64.0049,-22.5624,7.240000000000009,45,20,5.14,IS,1745167749
189,el abiodh sidi cheikh,32.893,0.5484,17.77000000000004,18,52,8.51,DZ,1745167750
190,pangkalanbuun,-2.6833,111.6167,23.650000000000034,99,96,0.72,ID,1745167751
191,kaka,37.3482,59.6143,16.360000000000014,34,2,3.0,TM,1745167754
192,puerto santa,-8.9906,-78.6456,21.950000000000045,77,59,3.58,PE,1745167755
193,qarauyl,48.9451,79.255,8.960000000000036,40,77,13.68,KZ,1745167756
194,la sierpe,21.7717,-79.2684,32.34000000000003,28,9,7.98,CU,1745167757
195,envira,-7.3,-70.2167,34.610000000000014,46,45,0.8,BR,1745167758
196,margate,51.3813,1.3862,9.370000000000005,82,99,0.45,GB,1745167675
197,vuokatti,64.146,28.2697,6.7000000000000455,80,100,1.87,FI,1745167760
198,codrington,-38.2667,141.9667,14.28000000000003,89,100,3.79,AU,1745167763
199,olonkinbyen,70.9221,-8.7187,-6.899999999999977,56,77,3.93,SJ,1745167764
200,alenquer,-1.9417,-54.7383,31.58000000000004,62,79,1.58,BR,1745167765
201,kone,-21.0595,164.8658,19.680000000000007,90,43,1.51,NC,1745167766
202,st. john's,47.5649,-52.7093,8.379999999999995,94,100,3.09,CA,1745167767
203,kingston,17.997,-76.7936,31.200000000000045,58,20,2.57,JM,1745167670
204,duncan,34.5023,-97.9578,15.210000000000036,77,75,8.23,US,1745167559
205,usogorsk,63.4106,48.6872,-5.2099999999999795,94,81,0.88,RU,1745167770
206,dumai,1.6833,101.45,25.610000000000014,92,94,1.17,ID,1745167743
207,zinjibar,13.1287,45.3807,28.150000000000034,66,7,5.8,YE,1745167773
208,cockburn town,21.4612,-71.1419,25.980000000000018,73,40,7.72,TC,1745167774
209,port alfred,-33.5906,26.891,18.430000000000007,93,100,4.48,ZA,1745167735
210,kailua-kona,19.6406,-155.9956,22.53000000000003,84,11,0.45,US,1745167776
211,nabire,-3.3667,135.4833,24.79000000000002,93,100,1.01,ID,1745167777
212,saugor,23.8333,78.7167,31.379999999999995,13,0,3.64,IN,1745167778
213,turabah,21.2141,41.6331,23.879999999999995,47,82,7.33,SA,1745167779
214,khandyga,62.6667,135.6,-5.279999999999973,96,100,1.67,RU,1745167781
215,valparaiso,-33.0393,-71.6273,17.78000000000003,82,75,2.06,CL,1745167527
216,kurumkan,54.3,110.3,-5.6200000000000045,63,12,2.42,RU,1745167783
217,beau vallon,-20.4189,57.6953,26.129999999999995,94,75,3.6,MU,1745167784
218,banket,-17.3833,30.4,17.03000000000003,91,99,1.89,ZW,1745167785
219,wenling,28.3669,121.36,15.939999999999998,93,100,1.53,CN,1745167786
220,leeton,-34.5667,146.4,15.050000000000011,63,19,2.17,AU,1745167787
221,san antonio de pale,-1.4014,5.6325,28.24000000000001,79,72,3.99,GQ,1745167789
222,kaeng khoi,14.5862,100.9976,31.33000000000004,67,100,4.99,TH,1745167790
223,chos malal,-37.3781,-70.2709,22.840000000000032,11,46,1.94,AR,1745167791
224,shahrud,36.4182,54.9763,14.980000000000018,35,52,3.21,IR,1745167792
225,yuzhno-kurilsk,44.0306,145.8556,2.330000000000041,90,100,9.87,RU,1745167793
226,ghadamis,30.1337,9.5007,28.99000000000001,11,100,3.72,LY,1745167794
227,borazjan,29.2666,51.2159,23.600000000000023,35,0,1.63,IR,1745167795
228,tosontsengel,48.7567,98.2839,-7.509999999999991,26,0,4.34,MN,1745167796
229,longyearbyen,78.2186,15.6401,-14.45999999999998,83,33,0.55,SJ,1745167762
230,puerto baquerizo moreno,-0.9,-89.6,26.55000000000001,89,75,3.09,EC,1745167631
231,atherton,53.5237,-2.4935,16.920000000000016,48,10,1.79,GB,1745167800
232,enumclaw,47.2043,-121.9915,8.800000000000011,91,100,0.45,US,1745167671
233,fuglafjordur,62.244,-6.814,4.470000000000027,87,100,10.8,FO,1745167802
234,ta`u,-14.2336,-169.5144,28.210000000000036,76,100,3.54,AS,1745167803
235,nova vicosa,-17.8919,-39.3719,30.52000000000004,65,36,3.52,BR,1745167804
236,genhe,50.7833,121.5167,1.830000000000041,33,100,1.05,CN,1745167805
237,naze,28.3667,129.4833,20.510000000000048,94,94,7.35,JP,1745167667
238,omurtag,43.1,26.4167,15.370000000000005,62,18,1.0,BG,1745167807
239,hasaki,35.7333,140.8333,16.450000000000045,89,92,7.46,JP,1745167809
240,hadibu,12.65,54.0333,27.310000000000002,54,2,1.13,YE,1745167810
241,karabash,55.4808,60.2157,13.590000000000032,90,99,3.04,RU,1745167811
242,wacheng,33.7833,114.5167,19.939999999999998,47,99,4.46,CN,1745167812
243,galliano,29.4422,-90.2992,26.0,69,40,4.63,US,1745167813
244,matthew town,20.95,-73.6667,27.660000000000025,62,6,9.75,BS,1745167814
245,colonia,50.9333,6.95,14.470000000000027,84,20,1.54,DE,1745167815
246,mananara,-16.1667,49.7667,24.960000000000036,89,1,1.15,MG,1745167816
247,pathein,16.7833,94.7333,27.670000000000016,79,37,3.04,MM,1745167818
248,sibay,52.7181,58.6658,17.24000000000001,54,10,6.56,RU,1745167819
249,shubarshi,48.5872,57.1869,16.760000000000048,35,3,3.62,KZ,1745167820
250,greenland,43.0362,-70.8328,14.420000000000016,34,20,9.26,US,1745167821
251,wainwright,52.839,-110.8572,7.189999999999998,43,69,3.05,CA,1745167822
252,brandon,27.9378,-82.2859,29.99000000000001,45,0,5.14,US,1745167534
253,erenhot,43.6475,111.9767,10.220000000000027,77,100,2.26,CN,1745167824
254,port-cartier,50.0334,-66.8654,5.1299999999999955,77,93,10.51,CA,1745167825
255,hammerfest,70.6634,23.6821,-1.75,59,40,6.17,NO,1745167827
256,la'ie,21.6477,-157.9253,23.390000000000043,83,85,1.79,US,1745167828
257,mineiros,-17.5694,-52.5511,29.29000000000002,54,15,2.5,BR,1745167829
258,al jawf,29.5,38.75,30.27000000000004,14,79,3.38,SA,1745167830
259,genoa,44.4129,8.9573,16.75,83,40,5.66,IT,1745167831
260,quellon,-43.1167,-73.6167,9.590000000000032,95,100,8.14,CL,1745167832
261,aasiaat,68.7098,-52.8699,-1.7999999999999545,77,98,2.18,GL,1745167833
262,mogocha,53.7333,119.7667,-2.3700000000000045,48,26,5.26,RU,1745167835
263,posto fiscal rolim de moura,-13.0833,-62.2667,31.590000000000032,64,98,1.28,BR,1745167836
264,paracuru,-3.41,-39.0306,28.54000000000002,74,63,2.7,BR,1745167837
265,dongning,44.0622,131.1207,8.740000000000009,68,60,0.25,CN,1745167665
266,howrah,22.5892,88.3103,30.0,84,40,5.66,IN,1745167839
267,grand falls-windsor,48.9332,-55.6649,7.5,91,100,3.11,CA,1745167841
268,baranchinskiy,58.1617,59.6991,1.75,82,78,1.89,RU,1745167843
269,natal,-5.795,-35.2094,30.120000000000005,74,75,4.12,BR,1745167227
270,new ross,52.3967,-6.9367,10.610000000000014,1,99,4.07,IE,1745167846
271,lewistown,40.5992,-77.5714,18.120000000000005,45,0,5.14,US,1745167744
272,mehendiganj,22.8167,90.5333,27.150000000000034,87,17,3.54,BD,1745167848
273,nevele,51.0591,3.5577,13.980000000000018,84,100,3.0,BE,1745167849
274,kirensk,57.7853,108.1119,-7.099999999999966,96,100,1.43,RU,1745167850
275,pisco,-13.7,-76.2167,22.230000000000018,78,0,2.57,PE,1745167851
276,durant,33.994,-96.3708,16.090000000000032,100,100,10.8,US,1745167852
277,tangalle,6.024,80.7911,26.310000000000002,87,84,3.49,LK,1745167853
278,sisimiut,66.9395,-53.6735,-0.6899999999999977,81,100,2.73,GL,1745167855
279,praia da vitoria,38.7333,-27.0667,17.140000000000043,94,75,4.77,PT,1745167856
280,celestun,20.8667,-90.4,31.58000000000004,49,31,3.03,MX,1745167857
281,tynda,55.1667,124.7167,0.26000000000004775,99,100,1.37,RU,1745167859
282,jinghong,21.991,100.7341,22.82000000000005,65,27,1.15,CN,1745167861
283,karratha,-20.7377,116.8463,28.49000000000001,57,1,3.45,AU,1745167862
284,yeysk,46.6989,38.2792,16.450000000000045,64,32,2.66,RU,1745167863
285,vadso,70.0744,29.7487,-0.9099999999999682,69,40,7.2,NO,1745167864
286,sydney mines,46.2367,-60.2177,6.670000000000016,77,100,8.05,CA,1745167865
287,katsuren-haebaru,26.3369,127.8719,22.210000000000036,93,75,3.09,JP,1745167866
288,taroa,8.7058,171.2275,26.910000000000025,80,62,6.95,MH,1745167867
289,el casar,38.5309,-5.9251,14.850000000000023,68,27,7.28,ES,1745167868
290,udachny,66.4167,112.4,-16.539999999999964,88,81,1.5,RU,1745167871
291,norfolk,42.1668,-71.2495,16.900000000000034,30,0,9.26,US,1745167872
292,ceeldheer,3.8488,47.1806,28.879999999999995,66,81,5.88,SO,1745167873
293,sao joao da barra,-21.6403,-41.0511,29.05000000000001,64,53,8.75,BR,1745167874
294,orchomenos,38.4929,22.9796,19.640000000000043,53,52,1.18,GR,1745167875
295,porto velho,-8.7619,-63.9039,32.03000000000003,62,40,1.54,BR,1745167803
296,plettenberg bay,-34.0527,23.3716,16.710000000000036,93,70,1.36,ZA,1745167878
297,pangody,65.85,74.4859,-3.7899999999999636,95,100,7.59,RU,1745167879
298,dwarka,22.2394,68.9678,26.810000000000002,81,0,5.01,IN,1745167868
299,inirida,3.8653,-67.9239,28.650000000000034,82,100,1.91,CO,1745167883
300,smithers,54.7804,-127.1743,3.180000000000007,75,20,4.12,CA,1745167783
301,rio grande,-32.035,-52.0986,19.160000000000025,53,56,5.04,BR,1745167885
302,akureyri,65.6835,-18.0878,4.960000000000036,48,75,2.57,IS,1745167886
303,agadez,19.75,10.25,34.99000000000001,5,0,4.36,NE,1745167888
304,motueka,-41.1333,173.0167,17.0,99,100,3.16,NZ,1745167889
305,tralee,52.2704,-9.7026,11.140000000000043,71,75,4.63,IE,1745167711
306,great bend,38.3645,-98.7648,7.07000000000005,91,100,6.69,US,1745167891
307,clinton,42.587,-82.9199,13.180000000000007,57,40,4.63,US,1745167568
308,troitsko-pechorsk,62.7084,56.1964,-7.909999999999968,94,46,1.98,RU,1745167893
309,port lincoln,-34.7333,135.8667,15.29000000000002,65,95,7.55,AU,1745167894
310,fortuna,40.5982,-124.1573,10.550000000000011,82,84,0.89,US,1745167807
311,hassi messaoud,31.6804,6.0729,30.920000000000016,11,75,1.03,DZ,1745167897
312,zhoukou,33.6333,114.6333,20.420000000000016,49,100,4.46,CN,1745167898
313,hajnowka,52.7433,23.5812,19.640000000000043,50,56,2.18,PL,1745167725
314,paranaiba,-19.6772,-51.1908,29.400000000000034,62,47,1.78,BR,1745167900
315,nizhnyaya tavda,57.6731,66.1725,3.6899999999999977,72,77,3.34,RU,1745167901
316,matoury,4.8483,-52.3317,28.980000000000018,79,75,8.75,GF,1745167902
317,urangan,-25.3,152.9,22.189999999999998,67,1,2.61,AU,1745167903
318,pandan,14.0453,124.1694,25.410000000000025,86,10,2.4,PH,1745167904
319,ketchikan,55.3422,-131.6461,6.470000000000027,84,40,2.57,US,1745167905
320,magadan,59.5667,150.8,-4.859999999999957,85,7,2.39,RU,1745167907
321,xucheng,20.35,110.1288,25.090000000000032,74,39,4.92,CN,1745167908
322,happy valley-goose bay,53.3168,-60.3315,1.170000000000016,93,100,9.26,CA,1745167909
323,ad dilam,23.9915,47.1627,29.379999999999995,17,6,5.11,SA,1745167910
324,amga,60.8953,131.9608,-2.609999999999957,94,89,1.66,RU,1745167912
325,tolanaro,-25.0319,46.9987,24.05000000000001,82,100,1.7,MG,1745167913
326,igarka,67.4667,86.5833,-7.579999999999984,82,100,5.71,RU,1745167914
327,sao pedro do piaui,-5.9294,-42.7186,29.760000000000048,62,14,2.02,BR,1745167917
328,saldanha,-33.0117,17.9442,16.870000000000005,80,0,11.98,ZA,1745167918
329,saint-pierre,-21.3393,55.4781,25.82000000000005,78,0,1.54,RE,1745167919
330,fujin,47.26,132.0322,5.900000000000034,69,9,1.38,CN,1745167920
331,gadzhiyevo,69.2551,33.3362,-3.759999999999991,83,17,5.42,RU,1745167921
332,walvis bay,-22.9575,14.5053,18.53000000000003,72,78,3.6,NA,1745167922
333,monteiro,-7.8894,-37.12,34.49000000000001,27,41,3.12,BR,1745167924
334,oriximina,-1.7656,-55.8661,30.670000000000016,67,51,1.7,BR,1745167925
335,berezovo,63.9381,65.0419,-6.25,71,64,7.77,RU,1745167927
336,kem',64.9555,34.5793,3.230000000000018,72,96,1.42,RU,1745167929
337,saint-francois,46.4154,3.9054,16.49000000000001,48,100,5.66,FR,1745167930
338,suleja,9.1758,7.1808,36.55000000000001,28,90,1.94,NG,1745167931
339,yigo village,13.5361,144.8886,26.620000000000005,86,40,3.6,GU,1745167900
340,huaraz,-9.5333,-77.5333,16.74000000000001,63,98,2.0,PE,1745167933
341,williams lake,52.1415,-122.1445,6.7000000000000455,69,100,3.6,CA,1745167934
342,badger,64.8,-147.5333,0.5500000000000114,76,0,1.54,US,1745167935
343,illizi,26.4833,8.4667,34.200000000000045,7,95,4.63,DZ,1745167936
344,mirnyy,62.5353,113.9611,-5.659999999999968,81,100,4.02,RU,1745167938
345,cuyo,10.8525,121.0086,29.28000000000003,78,100,5.2,PH,1745167939
346,levuka,50.1834,-105.4011,7.840000000000032,51,100,4.76,CA,1745167940
347,oban,56.4127,-5.4706,11.950000000000045,62,0,1.54,GB,1745167941
348,horta,38.5333,-28.6333,17.80000000000001,95,75,5.14,PT,1745167942
349,dhidhdhoo,6.8833,73.1,28.840000000000032,70,79,3.03,MV,1745167943
350,ghat,24.9647,10.1728,36.74000000000001,5,48,6.21,LY,1745167945
351,hinton,53.4001,-117.5857,6.240000000000009,40,90,1.03,CA,1745167946
352,ostersund,63.1792,14.6357,9.230000000000018,45,0,3.09,SE,1745167947
353,petrovskaya,45.4314,37.955,14.140000000000043,89,100,2.16,RU,1745167948
354,nizhniy odes,63.6445,54.856,-8.649999999999977,95,72,1.77,RU,1745167949
355,salalah,17.0151,54.0924,29.05000000000001,70,0,1.03,OM,1745167951
356,villa gesell,-37.2639,-56.973,16.170000000000016,62,76,2.82,AR,1745167952
357,ha'il,27.5219,41.6907,28.010000000000048,24,75,7.2,SA,1745167953
358,flying fish cove,-10.4217,105.6791,23.82000000000005,94,20,2.06,CX,1745167954
359,wau,7.7029,27.9953,32.83000000000004,25,96,2.16,SS,1745167955
360,fada n'gourma,12.0622,0.3578,38.870000000000005,16,85,4.29,BF,1745167956
361,san luis de la loma,17.2706,-100.8939,29.879999999999995,52,0,3.46,MX,1745167957
362,raffadali,37.4036,13.5331,18.450000000000045,62,0,1.45,IT,1745167958
363,majie,25.0333,102.6361,18.99000000000001,59,0,8.0,CN,1745167959
364,dean funes,-30.4204,-64.3498,14.110000000000014,53,100,3.01,AR,1745167835
365,new norfolk,-42.7826,147.0587,13.840000000000032,96,7,1.03,AU,1745167962
366,laguna,38.421,-121.4238,15.689999999999998,77,0,1.54,US,1745167963
367,asau,46.4333,26.4,18.58000000000004,55,93,0.61,RO,1745167964
368,talbahat,25.05,78.4333,32.860000000000014,17,0,2.36,IN,1745167965
369,sabha,27.0377,14.4283,35.39000000000004,8,1,4.61,LY,1745167720
370,geneina,13.45,22.45,31.77000000000004,8,0,4.75,SD,1745167967
371,nago,26.5881,127.9761,22.54000000000002,93,86,1.79,JP,1745167968
372,turtas,58.9417,69.1325,-1.4799999999999613,80,8,4.32,RU,1745167969
373,oranjemund,-28.55,16.4333,16.160000000000025,91,53,6.51,NA,1745167971
374,kourou,5.1552,-52.6478,28.150000000000034,72,100,4.26,GF,1745167972
375,cikampek,-6.4197,107.4558,29.910000000000025,87,100,1.65,ID,1745167973
376,ad dawadimi,24.5077,44.3924,32.64000000000004,27,61,9.09,SA,1745167974
377,ust'-kut,56.7938,105.7672,-6.089999999999975,97,99,1.2,RU,1745167975
378,vielha,42.6846,0.7726,1.6200000000000045,79,100,0.67,ES,1745167976
379,bahia blanca,-38.7196,-62.2724,17.930000000000007,42,5,3.65,AR,1745167689
380,zheleznogorsk-ilimskiy,56.5768,104.1217,-9.989999999999952,95,24,1.56,RU,1745167978
381,chonchi,-42.6128,-73.8092,11.180000000000007,95,100,3.14,CL,1745167683
382,svyetlahorsk,52.6329,29.7389,17.939999999999998,47,42,3.08,BY,1745167983
383,tuy hoa,13.0833,109.3,24.160000000000025,94,31,1.16,VN,1745167984
384,lerwick,60.1545,-1.1494,8.970000000000027,77,100,2.17,GB,1745167985
385,san jose del cabo,23.0589,-109.6977,25.970000000000027,36,8,2.58,MX,1745167986
386,dodola,6.9833,39.1833,14.110000000000014,66,88,1.5,ET,1745167987
387,iquitos,-3.7481,-73.2472,30.02000000000004,70,40,2.57,PE,1745167988
388,san andres,12.5847,-81.7006,29.010000000000048,79,75,6.17,CO,1745167989
389,castillos,-34.1667,-53.8333,16.129999999999995,66,95,3.2,UY,1745167990
390,aqadyr,48.2553,72.8483,11.090000000000032,52,63,7.26,KZ,1745167992
391,christchurch,-43.5333,172.6333,12.730000000000018,96,100,7.2,NZ,1745167993
392,hamilton,39.1834,-84.5333,21.600000000000023,65,95,2.24,US,1745167893
393,itoman,26.1247,127.6694,22.210000000000036,94,100,4.63,JP,1745167995
394,thatta,24.7475,67.9235,28.980000000000018,39,0,5.82,PK,1745167996
395,banda aceh,5.5577,95.3222,26.58000000000004,82,100,2.97,ID,1745167997
396,nar'yan-mar,67.6713,53.087,-9.849999999999966,91,52,3.58,RU,1745167998
397,at taj,24.2049,23.2857,30.78000000000003,9,1,2.03,LY,1745167999
398,songea,-10.6833,35.65,17.74000000000001,96,74,1.75,TZ,1745168001
399,baotou,40.6522,109.8222,14.53000000000003,59,96,4.54,CN,1745168002
400,cill airne,52.05,-9.5167,11.03000000000003,71,75,4.63,IE,1745168003
401,berriane,32.8265,3.7669,23.730000000000018,23,82,12.38,DZ,1745168004
402,hacienda huancane,-15.8222,-70.8856,3.330000000000041,94,88,3.43,PE,1745168005
403,fort bragg,35.139,-79.006,28.28000000000003,55,0,5.14,US,1745168006
404,paciran,-6.8767,112.3761,25.840000000000032,89,57,3.84,ID,1745168007
405,plunge,55.9114,21.8442,13.990000000000009,74,79,2.39,LT,1745168008
406,lompoc,34.6391,-120.4579,12.400000000000034,96,100,1.54,US,1745168009
407,vila velha,-20.3297,-40.2925,28.970000000000027,65,20,5.66,BR,1745168011
408,esfarayen,37.0765,57.5101,13.260000000000048,25,0,0.45,IR,1745167732
409,yarmouth,41.7057,-70.2286,17.189999999999998,43,0,7.2,US,1745168013
410,long beach,33.767,-118.1892,17.860000000000014,79,40,4.12,US,1745168014
411,nassau,40.7507,-73.5829,18.32000000000005,36,0,7.72,US,1745167762
412,al qitena,14.8648,32.3668,34.76000000000005,6,39,5.54,SD,1745168017
413,bakchar,57.0186,82.0711,3.1100000000000136,94,100,3.56,RU,1745168018
414,portland,45.5234,-122.6762,11.870000000000005,71,75,1.54,US,1745167936
415,chernyshevsk,52.5243,117.0174,-2.0600000000000023,44,4,5.77,RU,1745168020
416,lionel town,17.8101,-77.2406,32.05000000000001,52,0,3.45,JM,1745168022
417,cariati,39.4922,16.9594,19.100000000000023,66,36,2.82,IT,1745168024
418,gorgan,36.8387,54.4348,14.980000000000018,82,0,3.09,IR,1745168025
419,dordrecht,51.81,4.6736,16.100000000000023,66,93,2.68,NL,1745168026
420,haiku-pauwela,20.9219,-156.3051,22.360000000000014,85,20,6.17,US,1745168027
421,mugia,43.1041,-9.2179,13.28000000000003,71,99,5.45,ES,1745168028
422,vorkuta,67.5,64.0,-11.169999999999959,94,100,5.46,RU,1745168029
423,nacozari de garcia,30.3742,-109.6908,17.420000000000016,17,0,1.88,MX,1745168031
424,taos,36.4072,-105.5731,6.78000000000003,62,62,2.14,US,1745168032
425,kievka,50.2619,71.5514,16.510000000000048,56,82,8.29,KZ,1745168033
426,coahuayana de hidalgo,18.7,-103.6583,31.58000000000004,45,4,3.45,MX,1745168034
427,bokoro,12.3807,17.0568,38.400000000000034,14,12,4.58,TD,1745168035
428,krasnovishersk,60.4078,57.082,-4.079999999999984,94,33,1.17,RU,1745168036
429,manta,-0.95,-80.7333,26.879999999999995,78,75,2.57,EC,1745168037
430,afgooye,2.1381,45.1212,27.30000000000001,77,100,4.72,SO,1745168038
431,kiuruvesi,63.65,26.6167,6.78000000000003,76,100,2.95,FI,1745168039
432,saipan,15.1355,145.701,26.390000000000043,83,40,2.57,MP,1745168041
433,rehoboth,-23.3167,17.0833,24.32000000000005,32,20,3.65,NA,1745167769
434,dunedin,-45.8742,170.5036,12.150000000000034,92,100,4.55,NZ,1745168044
435,vilhena,-12.7406,-60.1458,30.120000000000005,66,40,2.06,BR,1745167803
436,key west,24.5557,-81.7826,29.0,57,0,9.26,US,1745167945
437,nadi,-17.8,177.4167,23.0,100,20,0.0,FJ,1745167776
438,tutoia,-2.7619,-42.2744,27.03000000000003,88,100,4.4,BR,1745168048
439,carnarvon,-24.8667,113.6333,25.700000000000045,61,72,1.42,AU,1745168050
440,musoma,-1.5,33.8,21.879999999999995,77,77,2.67,TZ,1745168051
441,gobabis,-22.45,18.9667,23.460000000000036,39,84,4.75,NA,1745168052
442,namibe,-15.1961,12.1522,22.720000000000027,74,1,5.15,AO,1745168053
443,gariaband,20.635,82.0614,29.620000000000005,36,24,2.63,IN,1745168054
444,brisas de zicatela,15.8369,-97.0419,30.29000000000002,66,0,5.14,MX,1745168055
445,vung tau,10.346,107.0843,27.879999999999995,79,65,6.25,VN,1745168056
446,tadine,-21.55,167.8833,22.129999999999995,74,62,4.38,NC,1745168058
447,kidal,18.4411,1.4078,39.900000000000034,5,60,2.82,ML,1745168059
448,alofi,-19.0595,-169.9187,24.939999999999998,88,20,3.09,NU,1745168060
449,richards bay,-28.783,32.0377,20.140000000000043,86,2,2.5,ZA,1745168061
450,bodaybo,57.8506,114.1933,-4.319999999999993,95,100,2.57,RU,1745168062
451,corner brook,48.9667,-57.9484,6.480000000000018,97,100,1.57,CA,1745168063
452,cooma,-36.2333,149.1333,10.04000000000002,88,71,0.47,AU,1745168064
453,madison,34.7334,-86.5667,27.189999999999998,59,40,6.17,US,1745168065
454,hilo,19.7297,-155.09,20.83000000000004,83,75,1.54,US,1745167795
455,afaahiti,-17.75,-149.2833,26.30000000000001,80,100,7.36,PF,1745168068
456,vytegra,61.0064,36.4481,5.82000000000005,92,100,4.53,RU,1745168069
457,belmonte,-15.8631,-38.8828,29.24000000000001,64,35,4.93,BR,1745168070
458,carrigaline,51.8117,-8.3986,11.490000000000009,76,75,6.17,IE,1745168071
459,gunnedah,-30.9833,150.25,14.460000000000036,81,31,0.15,AU,1745168072
460,port hedland,-20.3167,118.5667,26.03000000000003,50,100,3.6,AU,1745168073
461,nadym,65.5333,72.5167,-4.389999999999986,95,100,9.41,RU,1745168074
462,codajas,-3.8367,-62.0569,33.150000000000034,56,55,0.89,BR,1745168075
463,manado,1.487,124.8455,25.430000000000007,94,40,1.03,ID,1745168076
464,chemille-melay,47.2148,-0.7249,10.100000000000023,89,100,5.51,FR,1745168078
465,bundaberg north,-24.8551,152.3425,19.03000000000003,84,0,0.48,AU,1745168079
466,baharly,38.4362,57.4316,18.150000000000034,29,0,4.57,TM,1745168080
467,masaka,-0.3338,31.7341,18.689999999999998,82,97,1.93,UG,1745168081
468,kapuskasing,49.4169,-82.4331,4.050000000000011,41,20,4.12,CA,1745167973
469,greater sudbury,46.49,-80.99,6.140000000000043,51,49,1.79,CA,1745168084
470,balkashino,52.5167,68.7667,16.80000000000001,50,28,7.98,KZ,1745168085
471,colares,38.7992,-9.4469,16.850000000000023,65,20,5.66,PT,1745168086
472,aflou,34.1128,2.1023,7.57000000000005,62,90,8.72,DZ,1745168087
473,axim,4.8699,-2.2405,29.05000000000001,71,61,4.57,GH,1745168088
474,lae,-6.7221,146.9847,22.620000000000005,92,90,2.62,PG,1745168089
475,kingsford,-33.924,151.2275,21.480000000000018,68,64,3.53,AU,1745168090
476,antsiranana,-12.2787,49.2917,25.510000000000048,87,1,3.23,MG,1745168092
477,puerto lopez,4.0845,-72.956,24.879999999999995,89,100,1.8,CO,1745168093
478,ternate,0.8,127.4,26.670000000000016,81,96,3.22,ID,1745168065
479,mirny,62.5353,113.9611,-5.659999999999968,81,100,4.02,RU,1745167938
480,la passe,45.5549,-0.8967,12.770000000000039,85,98,5.58,FR,1745168096
481,shahrak,34.1074,64.3052,5.960000000000036,50,0,1.92,AF,1745168097
482,bloemfontein,-29.1211,26.214,13.710000000000036,94,40,1.03,ZA,1745168098
483,tibanbang,6.6315,126.1055,26.74000000000001,84,99,3.29,PH,1745168100
484,bengkulu,-3.8004,102.2655,23.879999999999995,93,80,2.44,ID,1745168101
485,ixmiquilpan,20.4833,-99.2333,27.410000000000025,21,26,2.73,MX,1745168102
486,sirjan,29.452,55.6814,19.55000000000001,9,0,4.96,IR,1745168103
487,nurdagi,37.1773,36.7419,16.689999999999998,50,62,2.84,TR,1745168104
488,makoua,0.0069,15.6333,28.930000000000007,58,46,1.08,CG,1745168105
489,floro,61.5996,5.0328,11.980000000000018,62,75,0.51,NO,1745168018
490,khanty-mansiysk,61.0042,69.0019,-0.9399999999999977,51,20,5.0,RU,1745168107
491,lake monticello,37.9232,-78.3347,26.890000000000043,57,100,0.89,US,1745168108
492,martapura,-3.4167,114.85,28.05000000000001,89,100,2.06,ID,1745168110
493,escanaba,45.7453,-87.0646,7.920000000000016,60,100,1.79,US,1745168111
494,sanibel,26.449,-82.0223,30.010000000000048,48,97,3.58,US,1745168113
495,taoudenni,22.6783,-3.9836,37.48000000000002,11,92,6.35,ML,1745168114
496,melfort,52.8667,-104.6177,9.07000000000005,46,59,3.09,CA,1745168115
497,nykvarn,59.8,18.3,5.990000000000009,93,100,1.62,SE,1745168116
498,monte alegre,-2.0078,-54.0692,31.510000000000048,56,24,2.48,BR,1745168117
499,sturgis,41.7992,-85.4192,15.600000000000023,52,20,7.2,US,1745168118
500,thinadhoo,0.5333,72.9333,28.710000000000036,75,8,3.87,MV,1745168120
501,bel ombre,-4.6167,55.4167,27.910000000000025,83,20,2.06,SC,1745168121
502,veinticinco de mayo,-35.4323,-60.1727,19.430000000000007,56,89,0.89,AR,1745167994
503,mossel bay,-34.1831,22.146,17.960000000000036,86,86,4.21,ZA,1745168123
504,ardabil,38.2498,48.2933,9.75,81,75,4.12,IR,1745168124
505,yangambi,0.8102,24.4336,26.010000000000048,66,16,0.31,CD,1745168125
506,waingapu,-9.6567,120.2641,24.910000000000025,87,70,2.38,ID,1745168127
507,boende,-0.2167,20.8667,27.49000000000001,61,25,0.22,CD,1745168128
508,aykhal,66.0,111.5,-16.19999999999999,87,57,1.99,RU,1745168129
509,pecan plantation,32.3604,-97.6756,20.660000000000025,61,87,3.13,US,1745168130
510,orapa,-21.2833,25.3667,24.810000000000002,42,86,1.46,BW,1745168131
511,parvatsar,26.8833,74.7667,27.970000000000027,8,0,4.15,IN,1745168132
512,mount pearl,47.5166,-52.7813,7.920000000000016,94,100,3.09,CA,1745168133
513,owen sound,44.5672,-80.9435,5.210000000000036,72,100,4.02,CA,1745167920
514,kalghatgi,15.1833,74.9667,25.980000000000018,73,62,4.21,IN,1745168136
515,spring creek,40.7266,-115.5859,13.230000000000018,38,1,2.68,US,1745168137
516,ji'an,27.1172,114.9793,22.439999999999998,95,89,1.88,CN,1745168138
517,minas de marcona,-15.2119,-75.1103,21.32000000000005,59,88,4.75,PE,1745168139
518,hovd,48.0056,91.6419,-0.4199999999999591,25,58,3.74,MN,1745168140
519,ganges,43.9338,3.7078,14.310000000000002,70,30,3.25,FR,1745168141
520,beaufort west,-32.3567,22.583,19.939999999999998,50,75,1.32,ZA,1745168142
521,turpan,42.9333,89.1667,14.879999999999995,23,0,1.7,CN,1745168143
522,ixtapa,20.7,-105.2,26.79000000000002,23,100,2.82,MX,1745168144
523,boiling springs,35.0465,-81.9818,26.77000000000004,55,100,0.89,US,1745168033
524,general roca,-39.0333,-67.5833,19.410000000000025,39,52,6.61,AR,1745168001
525,san pedro,14.35,121.0167,29.57000000000005,76,20,4.63,PH,1745168148
526,bridgewater,44.3835,-64.5155,10.379999999999995,54,69,15.43,CA,1745168149
527,flin flon,54.7682,-101.865,9.910000000000025,46,0,5.14,CA,1745168150
528,leh,34.1667,77.5833,-5.109999999999957,95,100,0.77,IN,1745168151
529,puerto leguizamo,-0.1934,-74.7819,24.480000000000018,93,100,2.32,CO,1745168152
530,eyl,7.9803,49.8164,27.83000000000004,71,12,6.42,SO,1745168155
531,kurmuk,10.55,34.2833,31.910000000000025,13,99,0.82,SD,1745168157
532,dongsheng,39.8161,109.9776,12.620000000000005,74,98,7.15,CN,1745168158
533,gizo,-8.103,156.8419,26.980000000000018,80,99,3.5,SB,1745168160
534,isla vista,34.4133,-119.861,17.420000000000016,82,40,0.0,US,1745168161
535,shingu,33.7333,135.9833,16.140000000000043,86,1,2.92,JP,1745168162
536,selfoss,63.9331,-20.9971,5.8799999999999955,43,2,4.76,IS,1745168163
537,dom pedrito,-30.9828,-54.6731,19.960000000000036,41,95,2.6,BR,1745168164
538,balabac,7.9868,117.0645,28.140000000000043,81,84,4.75,PH,1745168165
539,kintampo,8.0563,-1.7306,35.22000000000003,32,31,1.18,GH,1745168167
540,riobamba,-1.6667,-78.6333,18.980000000000018,58,37,4.15,EC,1745168168
541,waimea,20.0231,-155.6717,18.03000000000003,92,14,2.68,US,1745167858
542,namsos,64.4662,11.4957,10.950000000000045,35,0,1.03,NO,1745168178
543,karachi,24.9056,67.0822,28.900000000000034,39,0,3.6,PK,1745168180
544,benguela,-12.5763,13.4055,25.410000000000025,85,12,2.79,AO,1745168181
545,greymouth,-42.4667,171.2,14.180000000000007,87,100,3.67,NZ,1745168182
546,brindisi,40.5833,17.6667,20.55000000000001,51,14,3.03,IT,1745168183
547,kirakira,-10.4544,161.9205,25.650000000000034,84,99,3.09,SB,1745168184
548,progreso,21.2833,-89.6667,31.430000000000007,48,92,4.05,MX,1745168186
549,talcahuano,-36.7167,-73.1167,10.82000000000005,93,100,3.09,CL,1745168158
550,qiqihar,47.3408,123.9672,12.29000000000002,63,100,2.89,CN,1745168188
551,menaka,15.9182,2.4022,40.460000000000036,4,60,1.75,ML,1745168189
552,houghton,47.1219,-88.569,9.340000000000032,70,0,3.6,US,1745168106
553,uthal,25.8072,66.6219,29.379999999999995,30,0,4.05,PK,1745168191
554,ust-tsilma,65.441,52.1498,-6.25,94,86,1.29,RU,1745168193
555,abu jibeha,11.4562,31.2285,34.53000000000003,8,22,0.34,SD,1745168194
556,bafoulabe,13.8065,-10.8321,41.94,9,93,1.7,ML,1745168195
557,puyang chengguanzhen,35.7028,115.0053,17.620000000000005,49,0,6.43,CN,1745168196
558,bonthe,7.5264,-12.505,29.54000000000002,66,56,4.62,SL,1745168197
559,constitucion,-35.3333,-72.4167,18.03000000000003,56,11,2.08,CL,1745168156
560,mortagne-sur-sevre,46.992,-0.9474,10.160000000000025,86,100,6.06,FR,1745168200
561,praya,14.9215,-23.5087,24.30000000000001,64,75,6.17,CV,1745168201
562,altamira,-3.2033,-52.2064,30.05000000000001,70,75,3.6,BR,1745168119
563,zhenzhou,32.2692,119.1789,11.760000000000048,66,84,4.36,CN,1745168203
564,zalingei,12.9096,23.4741,32.01000000000005,8,66,4.05,SD,1745168204
565,port douglas,-16.4833,145.4667,24.79000000000002,80,90,2.97,AU,1745168205
566,chernyshevskiy,63.0128,112.4714,-8.019999999999982,94,100,1.17,RU,1745168206
567,idrinskoye,54.3708,92.1358,1.8500000000000227,45,100,5.82,RU,1745168207
